name,source,gender,wikidata,type
"1 Bilbao Galdakao errepidea",,,,way
"AP-8 Supersur",,,,way
"Abaro estrata",,,,way
"Abasolo kalea",,,,way
"Abenduaren hamabiaren kalea",,,,way
"Abusu kalea",,,,way
"Abusu zubia",,,,way
"Abuztuak 16 kalea",,,,way
"Acceso Bilbao Arena",,,,way
"Acceso N-634",,,,way
"Acceso a Mina Primitiva",,,,way
"Acceso a ascensor",,,,way
"Acceso a huertas",,,,way
"Accesos Bilbao-San Mamés",,,,way
"Acera Calle Santutxu",,,,way
"Agarre kalea",,,,way
"Agirre anaien kalea",,,,way
"Agoitz plaza",,,,way
"Aiala kantzilerraren kalea",,,,way
"Aintzira kalea",,,,way
"Aita Donostia plaza",,,,way
"Aita Esteban Pernet kalea",,,,way
"Aita Larramendi kalea",,,,way
"Aita Lojendio kalea",,,,way
"Aita Patxi plaza",,,,way
"Aixeona etxaldea",,,,way
Aizerrotabidea,,,,way
"Alacant kalea",,,,way
"Aladapeta etxaldea",,,,way
"Alameda de Recalde",,,,way
"Albacete kalea",,,,way
"Alberca doktorearen kalea",,,,way
"Aldamiz mendiaren kalea",,,,way
"Aldape estrata",,,,way
"Aldapeta etxaldea",,,,way
"Alfredo Etxabe kalea",,,,way
"Alfredo Kraus plaza",,,,way
"Alicia Aretxabaleta kalea",,,,way
"Altamira Barria kalea",,,,way
"Altamira auzoa",,,,way
"Altube kalea",,,,way
"Altube zeharkalea",,,,way
Aluzetabidea,,,,way
"Amadeo Deprit kalea",,,,way
"Amadeus Mozart plaza",,,,way
"Amadeus Mozart zeharkalea",,,,way
"Ametzola parkea",,,,way
"Ametzola plaza",,,,way
"Andaluzia enparantza",,,,way
"Andramari etxetaldea",,,,way
"Andre zamaketarien kalea",,,,way
"Andres Eliseo kalea",,,,way
"Angel Larroque margolariaren kalea",,,,way
"Angel Ortiz Alfau kalea",,,,way
"Angela Arregui plaza",,,,way
"Anselma de Salces estrata",,,,way
"Anselma de Salces kalea",,,,way
"Anselmo Guinea Margolariaren kalea",,,,way
"Antiguo túnel de Lezama",,,,way
"Antonio Eguiluz Sendagilea kalea",,,,way
"Antonio Eguiluz kalea",,,,way
"Antonio Gaztañeta almirantearen kalea",,,,way
"Apalategi kalea",,,,way
"Arabella etxaldea",,,,way
"Arabella kalea",,,,way
"Aralar kalea",,,,way
"Aranbarri Musikaria plaza",,,,way
"Arane kalea",,,,way
"Araneko kalea",,,,way
Aranekobidea,,,,way
"Arangoitiko pasabidea",,,,way
"Arategizar kalea",,,,way
"Arbidea enparantza",,,,way
"Arbidea kalea",,,,way
"Arbieto kalea",,,,way
"Arbolagana kalea",,,,way
"Arbolantxa bidea",,,,way
"Arbolantxa kalea",,,,way
"Arbolantxa zeharkalea",,,,way
"Archer marinelaren kalea",,,,way
"Areatza kalea",,,,way
"Areatzako zubia",,,,way
"Arechavaleta kalea",,,,way
Arenal,,,,relation
"Arenatza kobaren kalea",,,,way
"Aretxabaleta bidea",,,,way
"Aretxabaleta kalea",,,,way
"Aretxaga kalea",,,,way
Arginao,,,,way
"Arginao kalea",,,,way
"Armotxa kalea",,,,way
Armotxabidea,,,,way
"Arno mendiaren kalea",,,,way
"Arnotegi kalea",,,,way
"Arraiz etxealdea",,,,way
Arraizbidea,,,,way
"Arriaga plaza",,,,way
"Arrigorriaga - Bilbo errepidea",,,,way
"Arriquibar plaza",,,,relation+way
"Arrue Margolarien kalea",,,,way
"Arsuaga kalea",,,,way
"Artalandio kalea",,,,way
"Artatzamina kalea",,,,way
"Artazu kalea",,,,way
"Artazubekoa etxaldea",,,,way
Artazubidea,,,,way
"Artazuriña kalea",,,,way
Artekale,,,,way
Artigabidea,,,,way
"Artsenal bidea",,,,way
"Artxanda - Santo Domingo errepidea",,,,way
"Artxanda bidea",,,,way
"Artxanda-Egirleta errepidea",,,,way
"Artxandaren igoeraren kalea",,,,way
"Artzain Onaren kalea",,,,way
"Asentzioko San Martin plaza",,,,way
"Askao kalea",,,,way
"Askatasuna etorbidea",,,,way
"Ategorri Txakolindegia kalea",,,,way
"Atxetabide kalea",,,,way
"Atxetabidea kalea",,,,way
"Atxuri kalea",,,,way
"Auntzetxeta kalea",,,,way
"Aurelio Arteta Margolaria kalea",,,,way
"Aurrekoetxea kalea",,,,way
"Avenida Enekuri",,,,way
"Avenida Juan Antonio Zunzunegui etorbidea",,,,way
"Avenida Julián Gaiarre",,,,way
"Avenida Miraflores",,,,way
"Avenida Sabino Arana etorbidea",,,,way
"Avenida Txomin Garat",,,,way
"Avenida Zumalacarregui",,,,way
"Avenida Zumalacárregui",,,,way
"Avenida de Montevideo",,,,way
"Avenida del Ferrocarril",,,,way
"Avril auzoa",,,,way
"Azaroaren 25eko emakumeen plaza",,,,way
"Azkarai bidea",,,,way
"Azurleku auzoa",,,,way
"BI-3741 Artxandako errepidea",,,,way
"Babes kalea",,,,way
"Baiona kalea",,,,way
"Bake kalea",,,,way
"Bakio kalea",,,,way
"Ballets Olaeta kalea",,,,way
"Barinaga kalea",,,,way
"Barrainkua kalea",,,,way
Barrenkale,,,,way
"Barrenkale Barrena",,,,way
"Barriada Parroco Unzeta",,,,way
"Barrio Betolatza",,,,way
"Barrio La Asunción",,,,way
"Barrio Larrazabal",,,,way
"Barrio Miravista",,,,way
"Barrio de Masustegi",,,,way
"Barrio de Sto. Domingo",,,,way
"Basabidea kalea",,,,way
"Basarrate enparantza",,,,way
"Basterra kalea",,,,way
"Basurto - Kaxtresana errepidea",,,,way
"Basurto-Kastrexana errepidea",,,,way
"Basurto-Kaxtresana errepidea",,,,way
"Basurtoko Geltokiaren kalea",,,,way
"Basurtu-Kastrexana errepidea",,,,way
"Basurtubekoa kalea",,,,way
"Basurtugorta plaza",,,,way
"Basurtuko Kaputxinoen kalea",,,,way
"Basurtuko geltokiko kalea",,,,way
"Basurtuko kaputxinoen kalea",,,,way
Bedarra,,,,way
"Begoñako Andra Maria kalea",,,,way
"Begoñako Errepublika kalea",,,,way
"Begoñako Hilerriaren bidea",,,,way
"Begoñalde etxaldea",,,,way
"Begoñalde etxetalde",,,,way
"Begoñazpi auzoa",,,,way
"Begoñazpi kalea",,,,way
"Behekobide kalea",,,,way
"Beiti estrata",,,,way
"Belategi plaza",,,,way
Belostikale,,,,way
"Benito Alberdi kalea",,,,way
"Benta estrata",,,,way
"Bentazarra kalea",,,,way
"Berastegi kalea",,,,way
"Bernardino Alonso Udaltzainaren kalea",,,,way
"Bernardino Garaizar kalea",,,,way
"Berriozar kalea",,,,way
"Berriz bidea",,,,way
Berrizbidea,,,,way
Beteluribidea,,,,way
"Betolatza auzoa",,,,way
"Betolaza Goikoa kalea",,,,way
"Bidebarrieta kalea",,,,way
"Bideberri kalea",,,,way
"Bidegain etxaldea",,,,way
"Bidegorri Getxo-Bilbao",,,,way
"Bidegorri Miribilla-Irala",,,,way
Bidegorria,,,,way
"Bilbao - Atxukarro errepidea",,,,way
"Bilbao - Barakaldo bidegorria",,,,way
"Bilbao Arena eskailerak",,,,way
"Bilbao Arena sarbidea",,,,way
"Bilbao Izaurieta kalea",,,,way
"Bilbo ekialdeko saihesbidea",,,,way
"Bilbo-Galdakao errepidea",,,,way
"Bilbo-San Mamés sarbidea",,,,way
"Bilboko Ekialdeko ingurabidea",,,,way
"Bilboko konsuletxearen plaza",,,,way
"Bilborako sarbidea Iparraldetik (Enekuri - Asua)",,,,way
"Bilborako sarbidea iparraldetik (Asua-Enekuri)",,,,way
"Bilintxi kalea",,,,way
"Birjinetxe plaza",,,,way
"Bizikidetasun plaza",,,,way
"Bizkargi kalea",,,,way
"Bizkorta Estrata",,,,way
Bolintxubidea,,,,way
"Boluetako Santa Ana kalea",,,,way
"Boluetako Santa Ana zubia",,,,way
"Botikazar erribera",,,,way
"Boulevard Ametzola",,,,relation
"Boulevard de La Pérgola",,,,way
"Bruno Mauricio Zabala kalea",,,,way
"Bruno Mauricio Zabala zeharkalea",,,,way
"Buena Vista aldapa",,,,way
"Buia etorbidea",,,,way
"Butroe kalea",,,,way
"Calixto Diez kalea",,,,way
"Calixto Leguina kalea",,,,way
"Calle Alto de Kanpazar",,,,way
"Calle Altube",,,,way
"Calle Artazu",,,,way
"Calle Astillero",,,,way
"Calle Beata Margarita López de Maturana",,,,way
"Calle Belategi",,,,way
"Calle Bombero David Zalbide",,,,way
"Calle Circunvalación",,,,way
"Calle Claudio Gallastegi",,,,way
"Calle Elizondo",,,,way
"Calle Estación de Zorrotza",,,,way
"Calle General Concha",,,,way
"Calle Goyo Nadal",,,,way
"Calle Gregorio Balpalrda",,,,way
"Calle Jardines Gernika",,,,way
"Calle José María Olavarri",,,,way
"Calle Kadagua",,,,way
"Calle Las Piedritas",,,,way
"Calle Lasao",,,,way
"Calle Malmasin",,,,way
"Calle Músico Usandizaga",,,,way
"Calle Pastelerías",,,,way
"Calle Peñascal",,,,way
"Calle Pintor Losada",,,,way
"Calle Pintor Tellaetxe",,,,way
"Calle San Isidro",,,,way
"Calle Urazurrutia",,,,way
"Calle Zabalbide",,,,way
"Calle Zamácola",,,,way
"Calle Zorrotzagana",,,,way
"Calle de Tellae",,,,way
"Calle de la Estación",,,,way
"Calle del Doctor Espinosa Oribe",,,,way
"Calleja del Tránsito",,,,way
"Camilo Villabaso kalea",,,,way
"Camino Arbolantxa",,,,way
"Camino Azkarai",,,,way
"Camino Berriz",,,,way
"Camino Kobetamendia",,,,way
"Camino Mina Malaespera",,,,way
"Camino Pontón",,,,way
"Camino Ugaskobidea",,,,way
"Camino Zorrozgoiti",,,,way
"Camino de El Polvorín",,,,way
"Camino de Ugasko",,,,way
"Camino de Urizar",,,,way
"Camino de Zubisikubidea",,,,way
"Camino de la Ventosa",,,,way
"Camino de la Vía La Punta",,,,way
"Camino en mal estado",,,,way
"Cantalojas kalea",,,,way
"Cantarranas kalea",,,,way
"Carmelo Bernaola kalea",,,,way
"Carmelo Gil doktorearen kalea",,,,way
"Carretera Arrigorriaga - Bilbao (Buia)",,,,way
"Carretera Basurtu - Kastrexana",,,,way
"Carretera de Zabalgarbi",,,,way
"Carretera del Hospital Santa Marina",,,,way
"Castaños kalea",,,,way
"Castillo jeneralaren kalea",,,,way
"Celestino María del Arenal plaza",,,,way
"Celso Negueruela",,,,way
"Circunvalación este de Bilbao",,,,way
"Circunvalación sur de Bilbao",,,,way
"Ciudadela kalea",,,,way
"Club Deportivoren Zirko Amateurra kalea",,,,way
"Club Deportivoren Zirko Amateurraren kalea",,,,way
"Cocherito de Bilbao kalea",,,,way
"Constantino tenorearen kalea",,,,way
"Corredor del Cadagua",,,,way
"Costa kalea",,,,way
"Damian Gonzalez maisuaren kalea",,,,way
"Dendarikale kalea",,,,way
"Descenso de Potongo DH",,,,way
Deustuibarra,,,,way
"Deustuko Trenaren kalea",,,,way
"Deustuko kaputxinoen aldapa",,,,way
"Deustuko trenaren kalea",,,,way
"Diaz Emparanza doktorearen kalea",,,,way
"Dike kalea",,,,way
"Doctor Diaz Emparanza kalea",,,,way
"Dolaretxe auzoa",,,,way
"Dolaretxe kalea",,,,way
"Dolaretxe plaza",,,,way
"Domingo de Agirre kalea",,,,way
"Don Bosco biribilgunea",,,,way
"Done Petri plaza",,,,way
"Donibane Plazatxoa",,,,way
"Durango kalea",,,,way
"Eduardo Victoria de Lecea pasealekua",,,,way
"Eduardo Zamacois margolariaren kalea",,,,way
"Egirleta / Santo Domingo gaina",,,,way
"Egirleta auzoa",,,,way
"Egirleta etorbidea",,,,way
"Eguileor kalea",,,,way
"El Carmen plaza",,,,way
"El Lazo pasealekua",,,,way
"Elexabarri kalea",,,,way
"Eliseo Migoya plaza",,,,way
"Elizalde kalea",,,,way
"Elorriaga mendiaren kalea",,,,way
"Elorrieta plaza",,,,way
"Emakume galletaginen etorbidea",,,,way
"Enekuri - Artxanda errepidea",,,,way
"Enekuri etorbidea",,,,way
"Enekuri-Artxanda errepidea",,,,way
"Enkarnazio kalea",,,,way
"Enkarnazio plazatxoa",,,,way
"Enrique Ibarreta kalea",,,,way
"Entrambasaguas estrata",,,,way
"Entrecanales doktorearen kalea",,,,way
"Epaltzaren alargunaren kalea",,,,way
"Epalza kalea",,,,way
"Epetxa kalea",,,,way
"Eraso jeneralaren kalea",,,,way
"Erdikoetxe kalea",,,,way
"Eretza mendiaren kalea",,,,way
"Erregatu kalea",,,,way
"Errekakoetxe kalea",,,,way
"Errekalde plaza",,,,way
"Errekalde-Larraskitu errepidea",,,,way
"Errekaldeberri kalea",,,,way
"Errekaldeko saihesbidea",,,,way
"Erribera kalea",,,,way
"Erribera zubia",,,,way
"Erriberako zubia",,,,way
"Erripa kaia",,,,way
"Erripa kalea",,,,way
"Erronda kalea",,,,way
"Errondoko kalea",,,,way
"Errosario Santua kalea",,,,way
Escaleras,,,,way
"Escaleras de Arangoiti",,,,way
"Escaleras entrada ""La Comercial""",,,,way
Eskailerak,,,,way
"Eskola zeharkalea",,,,way
"Eskurtze biribilgunea",,,,way
"Eskurtze kalea",,,,way
"Esnarritzaga kalea",,,,way
"Espinosa Oribe Doktorearen kalea",,,,way
"Estrada Bizkorta Estrata",,,,way
"Estrada Caleros",,,,way
"Estrada Entrambasaguas",,,,way
"Estrada Ezkerribai",,,,way
"Estrada de Kaxtresana",,,,way
"Estrada de Masustegi",,,,way
"Estufa zeharkalea",,,,way
"Etxaniz suhiltzailearen plaza",,,,way
"Etxebarriko zubia",,,,way
"Etxenagusia margolariaren kalea",,,,way
"Etxetxua plaza",,,,way
"Etxezuri bidea",,,,way
"Etxezuri kalea",,,,way
"Eulalia Abaitua kalea",,,,way
"Eulalia Abaitua zeharkalea",,,,way
"Europa parkea",,,,way
"Euskalduna biribilgunea - Rotonda Euskalduna",,,,way
"Euskalduna kalea",,,,way
"Euskalduna zeharkalea",,,,way
"Euskalduna zubia",,,,way
"Fagoaga Tenorea kalea",,,,way
"Familia Santuaren kalea",,,,way
"Fernando Jimenez Dyakidea kalea",,,,way
"Fika kalea",,,,way
"Fika plaza",,,,way
"Fontecha eta Salazar kalea",,,,way
"Francisco Durrio eskultorearen kalea",,,,way
"Fray Juan kalea",,,,way
"Funiko zubia",,,,way
"Funikularreko plaza",,,,way
"Gabika mendiaren kalea",,,,way
"Gabriel Aresti etorbidea",,,,way
"Gabriel Aresti kalea",,,,way
"Galbarriartu auzunea",,,,way
"Galerías Isalo",,,,way
"Galletaginen etorbidea",,,,way
"Ganeta Mendiaren kalea",,,,way
"Garabi plaza",,,,way
"Garai lorategia",,,,way
"Garaizar kalea",,,,way
"Garate kalea",,,,way
"Garbikunde etxaldea",,,,way
"Garro Baserria kalea",,,,way
"Gas kalea",,,,way
"Gatzarriñe kalea",,,,way
"George Steer kalea",,,,way
"Georgia kalea",,,,way
"Gernika lorategien kalea",,,,way
"Gerrikogin kalea",,,,way
"Gimnasio kalea",,,,way
"Giña estrata",,,,way
Goienkale,,,,way
"Goiko Torre kalea",,,,way
"Goiribeaskoa bidea",,,,way
"Goitia kalea",,,,way
"Gorbeia kalea",,,,way
"Gordoniz kalea",,,,way
"Gorliz kalea",,,,way
"Gorostitzagatorre kalea",,,,way
"Gorte kalea",,,,way
"Goya zeharkalea",,,,way
"Goyo Nadal kalea",,,,way
"Grupo Azurleku",,,,way
"Grupo Bidegain",,,,way
"Grupo Buenavista",,,,way
"Grupo Dolaretxe",,,,way
"Grupo Jardín de Zorrotza",,,,way
"Grupo Lagunetxea",,,,way
"Grupo Obreros de la Jabonera",,,,way
"Grupo Remar",,,,way
"Grupo Tomás Zubiria Ybarra",,,,way
"Guggenheim plaza",,,,way
"Guimón Rezola doktorearen kalea",,,,way
"Gurena kalea",,,,way
"Guridi musikariaren plaza",,,,way
"Gurtubai kalea",,,,way
"Gurutze auzoa",,,,way
"Gurutze kalea",,,,way
"Haro plaza",,,,way
"Harrobi kalea",,,,way
"Harrobirako bidea",,,,way
"Hiru Zutabe plaza",,,,way
"Hiruki gunea",,,,way
"Ibai kalea",,,,way
"Ibaialde Parkea",,,,way
"Ibaialde kalea",,,,way
"Ibaiondo kalea",,,,way
"Ibaizabal landa kalea",,,,way
Ibarrekolandabidea,,,,way
Ibarsusibidea,,,,way
"Ibeni kaia",,,,way
"Iciar maisuaren kalea",,,,way
"Ignacio Ellacuria kalea",,,,way
"Ignacio Miranda auzunea",,,,way
"Igoera etorbidea",,,,way
"Ikastalde etxaldea",,,,way
"Ikuspegi bidea",,,,way
"Indalecio Prietoren bulebarra",,,,way
"Indautxu kalea",,,,way
"Indautxu plaza",,,,way
"Ingelesen landako kaia",,,,way
"Ingurubidea errepidea",,,,way
"Intxorta mendiaren kalea",,,,way
"Iparralde plaza",,,,way
"Irala kalea",,,,way
"Irala zeharkalea",,,,way
"Iralako Parkea",,,,way
"Irumineta kalea",,,,way
Irustabidea,,,,way
"Isaima etxealdea",,,,way
"Isiltasunaren Aldapa",,,,way
"Isleta kalea",,,,way
"Iturburu kalea",,,,way
"Iturralde kalea",,,,way
"Iturriaga kalea",,,,way
"Iturriaga zeharkalea",,,,way
"Iturribarria kalea",,,,way
Iturribide,,,,way
"Iturribide zeharkalea",,,,way
Iturrigorribidea,,,,way
"Iturriondo plaza",,,,way
"Izaro mendiaren kalea",,,,way
"Izarra kalea",,,,way
"Jado plaza",,,,way
"Jaén kalea",,,,way
"Jardines Solokoetxe",,,,way
"Jardines Tenor Fagoaga",,,,way
"Jardines kalea",,,,way
"Jardintxikerra kalea",,,,way
"Jasokunde auzoa",,,,way
"Jata kalea",,,,way
"Jata mediaren kalea",,,,way
"Jesus Galindez etorbidea",,,,way
"Jesús Galíndez etorbidea",,,,way
"Jesus Insausti ""Uzturre"" plaza",,,,way
"Jesusen Zerbitzarien kaia",,,,way
"Joan XXIII Aita Santuaren plaza",,,,way
"Jon Arrospide kalea",,,,way
"Jose Maria Agirre Ertzainaren plaza",,,,way
"Jose Maria Escuza kalea",,,,way
"Jose Maria Lidon kalea",,,,way
"Jose Maria Makua plaza",,,,way
"Jose Maria Olavarri kalea",,,,way
"Jose Maria Ugarteburu kalea",,,,way
"Jose Olabarria kalea",,,,way
"Juan Antonio Zunzunegi etorbidea",,,,way
"Juan Carlos de Gortazar kalea",,,,way
"Juan Gardeazabal kalea",,,,way
"Juan Guisasola kalea",,,,way
"Juan Viar kalea",,,,way
"Juan Viar plaza",,,,way
"Juan de Antxeta kalea",,,,way
"Juan de Irigoyen kalea",,,,way
"Juan de Urbieta kalea",,,,way
"Juan de la Cosa kalea",,,,way
"Julia meategiaren kalea",,,,way
"Julián Bolivar Elorduy kalea",,,,way
"Julián Echevarría 'Camarón' kantoia",,,,way
"Julian Gaiarre etorbidea",,,,way
"Julian Gaiarre zeharkalea",,,,way
"Julio Lazurtegui plaza",,,,way
"Julita Berrojalbiz kalea",,,,way
"Kadaguako igarobidea - Corredor del Cadagua",,,,way
"Kadaguako korridorea - Corredor del Cadagua",,,,way
"Kalamua kalea",,,,way
"Kanpazargana kalea",,,,way
"Kantauriko autobidea",,,,way
"Kapelagile kalea",,,,way
"Kareaga estrata",,,,way
"Karitateko Alaben kalea",,,,way
"Karmelo Larreako Lorategiak",,,,way
"Karmelo kalea",,,,way
"Karmeloko plaza",,,,way
"Karrusel plaza",,,,way
"Kastrexana etorbidea",,,,way
"Kaxtresana etorbidea",,,,way
"Kirikiño etorbidea",,,,way
"Kobeta auzoa",,,,way
"Kobeta bidea",,,,way
"Kobeta mendia",,,,way
"Kobetabide kalea",,,,way
Kobetabidea,,,,way
"Kobetamendi bidea",,,,way
"Konkordia enparantza",,,,way
"Kontzezio kalea",,,,way
"Kontzezio zeharkalea",,,,way
"Kristo kalea",,,,way
"La Popular etxaldea",,,,way
"La Ventosa bidea",,,,way
"Lagunetxea auzunea",,,,way
"Lamana kalea",,,,way
"Landabaso plaza",,,,way
"Landaburu baserria kalea",,,,way
"Landaorlegi kalea",,,,way
Landetabidea,,,,way
"Langaran kalea",,,,way
"Larrakoetxe kalea",,,,way
"Larrakoetxe plaza",,,,way
"Larrakotorre kalea",,,,way
"Larraskitu kalea",,,,way
Larraskitubidea,,,,way
"Larratundu kalea",,,,way
"Larrazabal Baserria auzoa",,,,way
"Larreagaburu pasabidea",,,,way
"Latorre Jeneralaren plaza",,,,way
"Lauaxeta enparantza",,,,way
"Laurencin Markesaren kalea",,,,way
"Lehendakari Leizaola kalea",,,,way
"Lekanda kalea",,,,way
"Lekuona margolariaren etorbidea",,,,way
"Lemoatx kalea",,,,way
"Leon de Uruñuela kalea",,,,way
"Lepantoko guduaren kalea",,,,way
"Levante plaza",,,,way
"Lezamako trenbide zaharra kalea",,,,way
"Lezamako trenbide zaharreko bidea",,,,way
"Lezeaga kalea",,,,way
"Libertate kalea",,,,way
"Loruri eskailerak",,,,way
"Loruri etxaldea",,,,way
"Loruri zeharkalea",,,,way
"Losada margolaria kalea",,,,way
"Losada margolariaren kalea",,,,way
"Lozoño kalea",,,,way
"Lucía Yarza pasealekua",,,,way
"Luis Echevarria plaza",,,,way
"Luis Luciano Bonaparte",,,,way
"Luis Luciano Bonaparte kalea",,,,way
"Luis Power kalea",,,,way
"Luzarra kalea",,,,way
Luzuribidea,,,,way
"Machin kalea",,,,way
"Madariaga etorbidea",,,,way
"Maiona bildarriak",,,,way
"Makaldi etxaldea",,,,way
"Mala estrata",,,,way
"Malaespera meategiaren bidea",,,,way
"Mallona bidarriak",,,,way
"Mandobide kalea",,,,way
"Mandoia Mendia kalea",,,,way
"Manuel Allende kalea",,,,way
"Marcelino Menendez y Pelayo kalea",,,,way
"Margarita Lopez de Maturana dohatsuaren kalea",,,,way
"Maria Aguirre-Aguirre kalea",,,,way
"Maria Diaz de Haro kalea",,,,way
"Maria Victoria Uribe Laso kalea",,,,way
"Mariaren Bihotza plaza",,,,relation+way
"Martin Aguero kalea",,,,way
"Martin Barua Picaza kalea",,,,way
"Martzana kalea",,,,way
"Martzanako kaia",,,,way
"Masustegi - Mintegitxueta errepidea",,,,way
"Masustegi auzoa",,,,way
"Masustegi estrata",,,,way
"Masustegi kalea",,,,way
"Masustegi zeharkalea",,,,way
"Matiko kalea",,,,way
"Mazustegi zeharkalea",,,,way
"Medina de Pomar kalea",,,,way
"Mediterraneo Itsasoaren kalea",,,,way
"Mena kalea",,,,way
"Mendigain etxaldea",,,,way
"Mendipe kalea",,,,way
"Mendiri Maisuaren kalea",,,,way
"Mendiri maisuaren kalea",,,,way
"Mesedeetako kaia",,,,way
"Mesedeetako kalea",,,,way
"Mesedeetako zubia",,,,way
"Mikel Zarate kalea",,,,way
"Mikol estrata",,,,way
"Mintegitxueta auzoa",,,,way
"Mirador a Bilbao etxaldea",,,,way
"Miraflores - Larreagaburu zubia",,,,way
"Miraflores etorbidea",,,,way
"Miramar kalea",,,,way
Miramarbidea,,,,way
"Mirasol kondearen kalea",,,,way
"Miravilla mendiaren kalea",,,,way
"Miribilla kalea",,,,way
"Mitxel Labegerie kalea",,,,way
"Monasterio kalea",,,,way
"Moncada kalea",,,,way
"Montaño etxaldea",,,,way
"Monte Avril bidea",,,,way
"Moraza plaza",,,,way
"More estrata",,,,way
"Morgan kalea",,,,way
"Muelle Ramón de la Sota y Llano",,,,way
"Muelle de las Siervas de Jesús",,,,way
"Muelle de las Sirgueras",,,,way
"Muros de San Pedro kalea",,,,way
"Muxika eta Butroe kalea",,,,way
"Naxa kalea",,,,way
"Nerbioi kalea",,,,way
"Nikolas Alkorta kalea",,,,way
"Novia Salcedo kalea",,,,way
"Nueva Aurora etxaldea",,,,way
"Nuevo Acceso Autopista",,,,way
"Ogoño kalea",,,,way
"Oiz mendiaren kalea",,,,way
"Okendo Almiranteen kalea",,,,way
"Olabeaga - Zorrotza Bidegorria",,,,way
"Olabeaga Aldapa",,,,way
"Olabeaga adarra",,,,way
"Olabeaga kaia",,,,way
"Olagorta kalea",,,,way
"Olano kalea",,,,way
"Olatxu kalea",,,,way
"Ollerietabarrena kalea",,,,way
"Ollerietagoiena kalea",,,,way
"Ollerietagoiena zeharkalea",,,,way
"On Claudio Gallastegi kalea",,,,way
"Ondarroa kalea",,,,way
"Orixe kalea",,,,way
"Ornilla Doktorearen kalea",,,,way
"Ornilla doktorearen kalea",,,,way
"Orreagako guduaren kalea",,,,way
"Ortutxueta kalea",,,,way
"Ortuzar kalea",,,,way
"Osasun Langileen plaza",,,,relation
Otxarkoagabidea,,,,way
"Pablo Alzola kalea",,,,way
"Pablo Zamarripa kalea",,,,way
"Pablo de Alzola kalea",,,,way
"Pagasarri bide zaharra",,,,way
Pagasarribidea,,,,way
"Pagoeta kalea",,,,way
"Parque Etxebarria",,,,way
"Parque Recreativo Botica Vieja",,,,relation
"Parque Sintrabi",,,,relation
"Particular Allende kalea",,,,way
"Pasarela Elorrieta-Monte Cabras",,,,way
"Pasarela Enekuri-Monte Banderas",,,,way
"Paseo La Laguna",,,,way
"Paseo Puerta de Bizkaia",,,,way
"Paseo de Berge y Salcedo",,,,way
"Paseo de La Luz",,,,way
"Paseo de Miravista",,,,way
"Paseo del Medio",,,,way
"Paseo del Pato",,,,way
"Pau Casals etorbidea",,,,way
"Pedro Astigarraga plaza",,,,relation+way
"Pedro Cortés udal sendagilearen etxaldea",,,,way
"Pedro Ibarretxe kalea",,,,way
"Pedro Martinez Artola kalea",,,,relation
"Peñascal bidea",,,,way
"Pinadia etxaldea",,,,way
"Pintor A. Guezala",,,,way
"Pinudiko Andra María etxaldea",,,,way
"Placido Careaga plaza",,,,way
"Plaza Aita Donosti",,,,way
"Plaza Ballets Olaeta",,,,way
"Plaza Behekoa",,,,way
"Plaza Biribila",,,,way
"Plaza Doctor Fleming",,,,way
"Plaza Eugenio Olabarrieta",,,,way
"Plaza Garellano",,,,way
"Plaza Gorostizagatorre",,,,way
"Plaza Haro",,,,way
"Plaza Kepa Enbeitia ""Urretxindorra""",,,,way
"Plaza La Fuente",,,,way
"Plaza La Pérgola",,,,way
"Plaza Miraflores",,,,way
"Plaza San Felicísimo",,,,way
"Plaza San Martín Ascensión",,,,way
"Plaza San Pablo",,,,way
"Plaza San Pedro",,,,way
"Plaza Yolanda González",,,,way
"Plaza Zabálburu",,,,way
"Plaza de Aguirre",,,,way
"Plaza de Almería",,,,way
"Plaza de Haro",,,,way
"Plaza de San Nicolás",,,,way
"Plaza de Urízar",,,,way
"Plaza del Pato",,,,way
"Plazuela Cocherito de Bilbao",,,,way
"Plazuela de Felipa Zubicaray",,,,way
"Plentzia kalea",,,,way
Polboretxebidea,,,,way
"Ponton bidea",,,,way
"Portuko kalea",,,,way
"Portuondo kalea",,,,way
"Prim kalea",,,,way
"Prim plaza",,,,way
"Printzipe kalea",,,,way
"Puente Colgante de Santa Águeda-Echevarría (1956)",,,,way
"Puente Larraskitu",,,,way
"Puente de Burtzeña",,,,way
"Puente de Cantalojas",,,,way
"Puente de Deustu",,,,way
"Puente de la Puerta",,,,way
"Puente del Funi",,,,way
"Puente del Tubo",,,,way
"Punte de la Ribera - Erriberako zubia",,,,way
"Quintana kalea",,,,way
"Ramón de la Sota kaia",,,,way
"Ramon de la Sota kaia - Muelle Ramón de la Sota y Llano",,,,way
"Ramón y Cajal zeharbidea",,,,way
"Rampa - Arrapala",,,,way
"Remigio Gandasegi Monseñorearen taldea",,,,way
"Resurreccion Maria de Azkue kalea",,,,way
"Ribera Elorrieta erribera",,,,way
"Ricardo Arregui kalea",,,,way
"Ricardo Bastida arkitektoaren plaza",,,,way
"Rotonda de Don Bosco",,,,way
"Rotonda de Elorrieta - Elorrietako biribilgunea",,,,way
"Rotonda de Sta. Marina",,,,way
"Sabina de la Cruz kalea",,,,way
"Sagarminaga kalea",,,,way
"Sagarminaga taldea",,,,way
"Sagarminaga zeharbidea",,,,way
"Saibigain mendiaren kalea",,,,way
"Salbe kalea",,,,way
"Salbe plaza",,,,way
"Salbe-Ugasko tunela",,,,way
"San Adrian",,,,way
"San Adrian etorbidea",,,,way
"San Adrian kalea",,,,way
"San Agustin estrata",,,,way
"San Anton kaia",,,,way
"San Anton zubia",,,,way
"San Bernabé auzoa",,,,way
"San Felicisimo bidea",,,,way
"San Francisquito kalea",,,,way
"San Frantzisko Xabier plaza",,,,way
"San Ignazioko zubia",,,,way
"San Isidro kalea",,,,way
"San Joakin kalea",,,,way
"San Joaquin kalea",,,,way
"San Justi landa",,,,way
"San Luis meategiaren kalea",,,,way
"San Nicolás de Olabeaga kalea",,,,way
"San Nikolas Olabeaga kalea",,,,way
"San Paulo kalea",,,,way
"San Pio X.a plaza",,,,way
"San Pio X.aren plaza",,,,way
"San Roke bidea",,,,way
"San Roke kalea",,,,way
"Sancho de Azpeitia kalea",,,,way
"Sanrokebidea bidea",,,,way
"Santa Ana etxaldea",,,,way
"Santa Isabel kalea",,,,way
"Santa Klara kalea",,,,way
"Santa Luzia kalea",,,,way
"Santa Marina bidea",,,,way
"Santa Marina ospitalaren eta Kukullagaren arteko bidea",,,,way
"Santa Marina ospitalearen bidea",,,,way
"Santa Monika Biribilgunea",,,,way
"Santa Monika kalea",,,,way
"Santa Monika pasealekua",,,,way
"Santa Zezilia kalea",,,,way
"Santiago Aznar kalea",,,,way
"Santiago Brouard kalea",,,,way
"Santiago etxaldea",,,,way
"Santo Domingo Gaina",,,,way
"Santo Domingo de Guzman etxaldea",,,,way
"Santurtzi kalea",,,,way
"Saralegi plaza",,,,way
Saratxebidea,,,,way
"Sarrikoalde kalea",,,,way
"Sarrikoalde plaza",,,,way
"Sarrikue auzunea",,,,way
"Sarrikue etxetaldea",,,,way
Seberetxebidea,,,,way
"Senidetasun kalea",,,,way
"Serantes kalea",,,,way
"Severo Unzue kalea",,,,way
"Soka kalea",,,,way
"Somosierra ganeko plaza",,,,way
"Sorkunde kalea",,,,way
"Sta. Ana de Bolueta kalea",,,,way
"Subida de la Catedral",,,,way
Supersur,,,,way
"Supersur - Arraiz Tunela",,,,way
"Supersur -Arraiz Tunela",,,,way
"Telesforo Aranzadi kalea",,,,way
"Tellaetxe margolariaren kalea",,,,way
"Tellaetxebidea kalea",,,,way
"Tellagorri kalea",,,,way
"Telleria kalea",,,,way
"Tenor Constantino kalea",,,,way
"Tere Verdes pasabidea",,,,way
"Terraza de la Cantera de Kobeta",,,,way
"Terraza de la Cantera de Peñascal",,,,way
"Tiboli kalea",,,,way
"Tiboli zeharkalea",,,,way
"Tolosa kalea",,,,way
"Torres Quevedo ingeniariaren plaza",,,,way
"Torreurizar etxaldea",,,,way
"Trauko kalea",,,,way
"Trauko zeharkalea",,,,way
"Travesía Arbolantxa",,,,way
"Travesía Príncipe de Viana",,,,way
"Tristan de Leguizamon kalea",,,,way
Trokabidea,,,,way
"Túnel Nagusia",,,,way
"Túneles de Artxanda (La Salve-Valle de Asúa)",,,,way
"Túneles de Artxanda (Túnel Ugasko-Valle de Asúa)",,,,way
"Tutulu kalea",,,,way
"Txakolin kalea",,,,way
"Txirrita kalea",,,,way
"Txomin Garat etorbidea",,,,way
"Txotena kalea",,,,way
"Ubideen pasealekua",,,,way
"Udaletxeko zubia",,,,way
"Ugalde kalea",,,,way
"Ugarte kalea",,,,way
"Ugarteburu kalea",,,,way
"Ugarteko plaza",,,,way
"Ugasko auzoa",,,,way
"Ugatz Parrokoaren zeharkalea",,,,way
"Ugatz parrokoaren zeharkalea",,,,way
"Unibertsitate etorbidea",,,,way
"Unión Begoñesa etxaldea",,,,way
"Unión Begoñesa taldea",,,,way
"Untzeta parrokoaren auzunea",,,,way
"Untziola kalea",,,,way
"Urazurrutia Kaia",,,,way
"Urazurrutia kalea",,,,way
"Uretamendi auzoa",,,,way
"Uretamendi pasealekua",,,,way
"Urgozo kalea",,,,way
"Uribarri ""A"" zeharkalea",,,,way
"Uribarri ""B"" zeharkalea",,,,way
"Uribarri ""C"" zeharkalea",,,,way
"Uribarri B zeharkalea",,,,way
"Uribarri kalea",,,,way
"Uribarriko arranpala",,,,way
"Uribarriko eskolen landa",,,,way
"Uribitarte erranplak",,,,way
"Uribitarte kalea",,,,way
"Uribitarte pasealekua",,,,way
"Uribitarte zeharkalea",,,,way
"Uribitarteko erranplak",,,,way
"Uriortu kalea",,,,way
"Urizar kalea",,,,way
"Urkiola kalea",,,,way
"Urkixo galeriak",,,,way
"Urrutia kalea",,,,way
"Variante Norte",,,,way
"Variante Sur Metropolitana",,,,way
"Venezuela plaza",,,,way
"Ventosa bidea",,,,way
"Vertical del Arrastaleku",,,,way
"Vianako printzearen kalea",,,,way
"Vicente Zabala parrokoaren kalea",,,,way
"Víctor Chavarri plaza",,,,way
"Viktor kalea",,,,way
"Villarias kalea",,,,way
"Vista Alegre kalea",,,,way
"Von Siemens plaza",,,,way
"Xalbador kalea",,,,way
"Xoko kalea",,,,way
"Zabalaren zekarkalea",,,,way
Zabalbide,,,,way
"Zabalbide kalea",,,,way
"Zabalburu enparantza",,,,way
"Zalbidea estrata",,,,way
"Zamacola kalea",,,,way
Zamaketari,,,,way
"Zamaketari kalea",,,,way
"Zamakola kalea",,,,way
"Zamudioko atea",,,,way
"Zankoeta kalea",,,,way
"Zarandoa etorbidea",,,,way
"Zazelu auzoa",,,,way
"Zazpilanda etxaldea",,,,way
"Zazpilandako errepidea",,,,way
"Zezen pasealekua",,,,way
"Zingira kalea",,,,way
"Zirgariak kaia",,,,way
"Zizeruena kalea",,,,way
"Zona de ejercicios caninos",,,,way
"Zorrotza-Kastrexana errepidea",,,,way
"Zorrotzabaso kalea",,,,way
"Zorrotzagana kalea",,,,way
Zorrotzaurre,,,,relation
Zorrozgoitibidea,,,,way
"Zubeko zubia",,,,way
"Zubiaurre margolarien kalea",,,,way
"Zugastinobia kalea",,,,way
"Zuhatzu kalea",,,,way
"Zumadi kalea",,,,way
Zumadibidea,,,,way
Zumarraga,,,,way
"Zumarraga plaza",,,,way
"Zurbaran auzoa",,,,way
"Zurbaran kalea",,,,way
Zurbaranbarri,,,,way
"Zurbaranbarri auzoa",,,,way
"Zurbaranbarri parkea",,,,way
Zurbaranbidea,,,,way
"sendero bolintxu",,,,way
"subida secreta Gangoiti",,,,way
"subida secreta al Gangoiti",,,,way
